{
  "editAction": "ADD_PLACE_ACTION",
  "placeUrl": "https://google.com/maps/?cid=0x152b21004850590b:0x2bbf9abe8ac1df51",
  "nameChange": {
    "operations": [{
      "type": "SET_OPERATION",
      "text": {
        "text": "The clearance Office of Abu Al-Hasani",
        "language": "fa"
      }
    }]
  },
  "pointChange": {
    "operations": [{
      "type": "SET_OPERATION",
      "point": {
        "latE7": 389637450,
        "lngE7": 352433220
      }
    }]
  },
  "categoryChange": {
    "operations": [{
      "type": "SET_OPERATION",
      "category": "transportation_service"
    }]
  },
  "addressChange": {
    "operations": [{
      "type": "SET_OPERATION",
      "address": {
        "text": "Turkey",
        "language": "fa"
      }
    }]
  },
  "metadata": {
    "createTime": "2024-02-29T14:46:38.400370253Z"
  }
}