{
  "editAction": "ADD_PLACE_ACTION",
  "placeUrl": "https://google.com/maps/?cid=0x152b210009a85415:0xe7f45d7f7c736c3c",
  "nameChange": {
    "operations": [{
      "type": "SET_OPERATION",
      "text": {
        "text": "The clearance Office of Abu Al-Hasani",
        "language": "fa"
      }
    }]
  },
  "pointChange": {
    "operations": [{
      "type": "SET_OPERATION",
      "point": {
        "latE7": 389637450,
        "lngE7": 352433220
      }
    }]
  },
  "categoryChange": {
    "operations": [{
      "type": "SET_OPERATION",
      "category": "transportation_service"
    }]
  },
  "addressChange": {
    "operations": [{
      "type": "SET_OPERATION",
      "address": {
        "text": "Turkey",
        "language": "fa"
      }
    }]
  },
  "phoneNumberChange": {
    "operations": [{
      "type": "SET_OPERATION",
      "phoneNumber": "0903 820 2918"
    }]
  },
  "regularBusinessHoursChange": {
    "operations": [{
      "type": "SET_OPERATION",
      "regularBusinessHours": {
      }
    }]
  },
  "metadata": {
    "createTime": "2024-02-29T14:44:45.407186567Z"
  }
}