{
    "Device Info": [
        {
            "sync_user_agent": "Chrome ANDROID-PHONE 122.0.6261.65 (89ede31341aa347bc2ca1dc3798e43c56cea57b2-refs/branch-heads/6261@{#877}) channel(stable)",
            "device_type": "TYPE_PHONE",
            "chrome_version_info": {"version_number": "122.0.6261.65"},
            "signin_scoped_device_id": "2988d4bc-b393-470d-b4c1-584e7b935403",
            "manufacturer": "samsung",
            "cache_guid": "viDIEV+yUxG1GidYhjRNfQ==",
            "device_form_factor": "DEVICE_FORM_FACTOR_PHONE",
            "pulse_interval_in_minutes": 1440,
            "feature_fields": {"send_tab_to_self_receiving_enabled": true},
            "invalidation_fields": {
                        "instance_id_token": "fbux8k6OgBU:APA91bHjdoImlnSsaMiYlj_vPGuNKMo7baQFA8Nk-I7PuDxU6nAqFg8UcebJr6YEn0siInqTWN23lv7z-xXgDg-VM1228RCBceGlaNt4xxC4bsSfd_SAuDmoMeRvOJiaV-_w_bQF3vHG",
                        "interested_data_type_ids": [
                                    154522,
                                    601980,
                                    47745
                        ]
            },
            "os_type": "OS_TYPE_ANDROID",
            "last_updated_timestamp": 1710176907253,
            "model": "SM-A022F",
            "client_name": "SM-A022F",
            "chrome_version": "122.0.6261.65"
}
    ]
}