{
  "name": {
    "givenName": "Morteza",
    "familyName": "Abu Al-Hasani Khawaja",
    "formattedName": "Morteza Abu Al-Hasani Khawaja"
  },
  "displayName": "Morteza Abu Al-Hasani Khawaja",
  "emails": [{
    "value": "mortezaabualhasanikhawaja@gmail.com"
  }],
  "organizations": [{
    "name": "Kerman University",
    "title": "Computer ",
    "description": "Computer Software",
    "startDate": "2002",
    "endDate": "2005",
    "type": "school"
  }, {
    "name": "Custom ",
    "title": "Clearance ",
    "description": "Clearance Custom ",
    "startDate": "2015",
    "endDate": "2022",
    "type": "work"
  }],
  "occupation": "Clearance Custom ",
  "gender": {
    "type": "male"
  },
  "urls": [{
    "value": "Instagram.com/morteza.abolhasani.khaje",
    "type": "otherProfile",
    "label": "Instagram 2"
  }, {
    "value": "Instagram.com/morteza_abolhasani_khaje",
    "type": "otherProfile",
    "label": "Instagram 1"
  }, {
    "value": "https://mortezaabolhasani/websaites/co/in",
    "type": "otherProfile",
    "label": "Google"
  }, {
    "value": "X.com/mortezaabo8",
    "type": "otherProfile",
    "label": "X"
  }, {
    "value": "Telegram.com/@Morteza_1361",
    "type": "otherProfile",
    "label": "Telegram"
  }, {
    "value": "Youtube.com/@morteza.abolhasani.khajeh",
    "type": "otherProfile",
    "label": "You Tube"
  }],
  "mapsProfileTagline": "Clearance Custom"
}