{
  "features": [
    {
      "geometry": {
        "coordinates": [
          28.9915547,
          41.035026599999995
        ],
        "type": "Point"
      },
      "properties": {
        "address": "Ömer Avni, Beşirağa Çk., 34427 Beyoğlu/İstanbul, ترکیه",
        "name": "خانه"
      },
      "type": "Feature"
    },
    {
      "geometry": {
        "coordinates": [
          28.970330399999998,
          41.0382864
        ],
        "type": "Point"
      },
      "properties": {
        "address": "بی‌اوغلو/استان استانبول، ترکیه",
        "name": "محل کار"
      },
      "type": "Feature"
    }
  ],
  "type": "FeatureCollection"
}