{
  "name": "locations/5688344812613651160",
  "languageCode": "fa",
  "storeCode": "06170257555397876890",
  "title": "Morteza Abolhasani Khaje",
  "phoneNumbers": {
  },
  "categories": {
    "primaryCategory": {
      "name": "categories/gcid:customs_consultant",
      "displayName": "Customs consultant",
      "moreHoursTypes": [{
        "hoursTypeId": "ACCESS",
        "displayName": "Access",
        "localizedDisplayName": "دسترسی"
      }, {
        "hoursTypeId": "BREAKFAST",
        "displayName": "Breakfast",
        "localizedDisplayName": "صبحانه"
      }, {
        "hoursTypeId": "BRUNCH",
        "displayName": "Brunch",
        "localizedDisplayName": "چاشت"
      }, {
        "hoursTypeId": "DELIVERY",
        "displayName": "Delivery",
        "localizedDisplayName": "تحویل"
      }, {
        "hoursTypeId": "DINNER",
        "displayName": "Dinner",
        "localizedDisplayName": "شام"
      }, {
        "hoursTypeId": "DRIVE_THROUGH",
        "displayName": "Drive through",
        "localizedDisplayName": "بگیر و بران"
      }, {
        "hoursTypeId": "HAPPY_HOUR",
        "displayName": "Happy hours",
        "localizedDisplayName": "ساعات تخفیف"
      }, {
        "hoursTypeId": "KITCHEN",
        "displayName": "Kitchen",
        "localizedDisplayName": "آشپزخانه"
      }, {
        "hoursTypeId": "LUNCH",
        "displayName": "Lunch",
        "localizedDisplayName": "ناهار"
      }, {
        "hoursTypeId": "ONLINE_SERVICE_HOURS",
        "displayName": "Online service hours",
        "localizedDisplayName": "ساعت خدمات آنلاین"
      }, {
        "hoursTypeId": "PICKUP",
        "displayName": "Pickup",
        "localizedDisplayName": "تحویل"
      }, {
        "hoursTypeId": "TAKEOUT",
        "displayName": "Takeout",
        "localizedDisplayName": "بیرون‌بر"
      }, {
        "hoursTypeId": "SENIOR_HOURS",
        "displayName": "Senior hours",
        "localizedDisplayName": "ساعات ویژه سالمندان"
      }]
    }
  },
  "storefrontAddress": {
    "regionCode": "JO",
    "languageCode": "en",
    "locality": "عمّان",
    "addressLines": ["WWQH+5C2", "شارع الحارث بن ن"]
  },
  "websiteUri": "https://wa.me/message/FIW6HLILRAZKI1",
  "regularHours": {
    "periods": [{
      "openDay": "SUNDAY",
      "openTime": {
      },
      "closeDay": "SUNDAY",
      "closeTime": {
        "hours": 24
      }
    }, {
      "openDay": "MONDAY",
      "openTime": {
      },
      "closeDay": "MONDAY",
      "closeTime": {
        "hours": 24
      }
    }, {
      "openDay": "TUESDAY",
      "openTime": {
      },
      "closeDay": "TUESDAY",
      "closeTime": {
        "hours": 24
      }
    }, {
      "openDay": "WEDNESDAY",
      "openTime": {
      },
      "closeDay": "WEDNESDAY",
      "closeTime": {
        "hours": 24
      }
    }, {
      "openDay": "THURSDAY",
      "openTime": {
      },
      "closeDay": "THURSDAY",
      "closeTime": {
        "hours": 24
      }
    }, {
      "openDay": "FRIDAY",
      "openTime": {
      },
      "closeDay": "FRIDAY",
      "closeTime": {
        "hours": 24
      }
    }, {
      "openDay": "SATURDAY",
      "openTime": {
      },
      "closeDay": "SATURDAY",
      "closeTime": {
        "hours": 24
      }
    }]
  },
  "specialHours": {
  },
  "serviceArea": {
    "businessType": "CUSTOMER_AND_BUSINESS_LOCATION",
    "places": {
      "placeInfos": [{
        "placeName": "Pueblo Libre, پرو",
        "placeId": "ChIJEd8ZDxzJBZERewSZihwqM2o"
      }, {
        "placeName": "بندر عباس، استان هرمزگان، ایران",
        "placeId": "ChIJ-xthnxHU-T4RRXXDtn-mwYU"
      }]
    },
    "regionCode": "JO"
  },
  "adWordsLocationExtensions": {
  },
  "latlng": {
    "latitude": 31.9378809,
    "longitude": 35.928516
  },
  "openInfo": {
    "status": "OPEN",
    "canReopen": true,
    "openingDate": {
      "year": 2015,
      "month": 8,
      "day": 17
    }
  },
  "metadata": {
    "placeId": "ChIJZyqi2XBfGxURDy8XU_JzzSs"
  },
  "profile": {
    "description": "In the name of God, I am Mortaza Abu Al-Hasani Khawaja, and I am working on customs clearance, and I would be happy if you would leave your customs clearance to me ."
  },
  "relationshipData": {
    "parentLocation": {
    }
  }
}