{
  "attributes": [{
    "id": {
      "attributeType": "LISTING_NAME"
    },
    "values": [{
      "datum": {
        "listingName": {
          "text": "Morteza Abolhasani Khaje"
        }
      }
    }]
  }, {
    "id": {
      "attributeType": "POINT"
    },
    "values": [{
      "datum": {
        "point": {
          "latE7": 319378809,
          "lngE7": 359285160
        }
      }
    }]
  }, {
    "id": {
      "attributeType": "ADDRESS"
    },
    "values": [{
      "datum": {
        "address": {
          "postalAddress": {
            "regionCode": "JO",
            "languageCode": "en",
            "locality": "عمّان",
            "addressLines": ["WWQH+5C2", "شارع الحارث بن ن"]
          }
        }
      }
    }]
  }, {
    "id": {
      "attributeType": "CATEGORY"
    },
    "values": [{
      "datum": {
        "category": {
          "gcid": "gcid:customs_consultant",
          "metadata": {
            "isPrimary": true
          },
          "localizedName": "Customs consultant"
        }
      }
    }]
  }, {
    "id": {
      "attributeType": "WEBSITE"
    },
    "values": [{
      "datum": {
        "website": {
          "text": "https://wa.me/message/FIW6HLILRAZKI1"
        }
      }
    }]
  }, {
    "id": {
      "attributeType": "OPENING_DATE"
    },
    "values": [{
      "datum": {
        "openingDate": {
          "date": {
            "year": 2015,
            "month": 8,
            "day": 17
          }
        }
      }
    }]
  }, {
    "id": {
      "attributeType": "BUSINESS_EXISTENCE"
    },
    "values": [{
      "datum": {
        "businessExistence": {
          "businessState": "OPEN"
        }
      }
    }]
  }, {
    "id": {
      "attributeType": "CLOSURE"
    },
    "values": [{
      "datum": {
        "closure": {
          "type": "NOT_CLOSED"
        }
      }
    }]
  }, {
    "id": {
      "attributeType": "REGULAR_HOURS"
    },
    "values": [{
      "datum": {
        "regularHours": {
          "periods": [{
            "startDay": "SUNDAY",
            "openTime": {
            },
            "endDay": "SUNDAY",
            "closeTime": {
              "hours": 24
            }
          }, {
            "startDay": "MONDAY",
            "openTime": {
            },
            "endDay": "MONDAY",
            "closeTime": {
              "hours": 24
            }
          }, {
            "startDay": "TUESDAY",
            "openTime": {
            },
            "endDay": "TUESDAY",
            "closeTime": {
              "hours": 24
            }
          }, {
            "startDay": "WEDNESDAY",
            "openTime": {
            },
            "endDay": "WEDNESDAY",
            "closeTime": {
              "hours": 24
            }
          }, {
            "startDay": "THURSDAY",
            "openTime": {
            },
            "endDay": "THURSDAY",
            "closeTime": {
              "hours": 24
            }
          }, {
            "startDay": "FRIDAY",
            "openTime": {
            },
            "endDay": "FRIDAY",
            "closeTime": {
              "hours": 24
            }
          }, {
            "startDay": "SATURDAY",
            "openTime": {
            },
            "endDay": "SATURDAY",
            "closeTime": {
              "hours": 24
            }
          }]
        }
      }
    }]
  }, {
    "id": {
      "attributeType": "MERCHANT_DESCRIPTION"
    },
    "values": [{
      "datum": {
        "merchantDescription": {
          "text": "In the name of God, I am Mortaza Abu Al-Hasani Khawaja, and I am working on customs clearance, and I would be happy if you would leave your customs clearance to me ."
        }
      }
    }]
  }, {
    "id": {
      "attributeType": "SCALABLE_BOOLEAN",
      "scalableAttributeExternalId": "has_restroom_unisex"
    },
    "values": [{
      "datum": {
        "scalableBoolean": {
          "value": true
        }
      }
    }]
  }, {
    "id": {
      "attributeType": "SCALABLE_BOOLEAN",
      "scalableAttributeExternalId": "is_transgender_safespace"
    },
    "values": [{
      "datum": {
        "scalableBoolean": {
          "value": true
        }
      }
    }]
  }, {
    "id": {
      "attributeType": "SCALABLE_BOOLEAN",
      "scalableAttributeExternalId": "has_wheelchair_accessible_seating"
    },
    "values": [{
      "datum": {
        "scalableBoolean": {
        }
      }
    }]
  }, {
    "id": {
      "attributeType": "SCALABLE_BOOLEAN",
      "scalableAttributeExternalId": "has_wheelchair_accessible_restroom"
    },
    "values": [{
      "datum": {
        "scalableBoolean": {
          "value": true
        }
      }
    }]
  }, {
    "id": {
      "attributeType": "SCALABLE_BOOLEAN",
      "scalableAttributeExternalId": "is_owned_by_women"
    },
    "values": [{
      "datum": {
        "scalableBoolean": {
          "value": true
        }
      }
    }]
  }, {
    "id": {
      "attributeType": "SCALABLE_DEEP_LINK",
      "scalableAttributeExternalId": "url_youtube"
    },
    "values": [{
      "datum": {
        "scalableDeepLink": {
          "uri": "http://youtube.com/@morteza.abolhasani.khajeh"
        }
      }
    }]
  }, {
    "id": {
      "attributeType": "SCALABLE_DEEP_LINK",
      "scalableAttributeExternalId": "url_facebook"
    },
    "values": [{
      "datum": {
        "scalableDeepLink": {
          "uri": "http://facebook.com/morteza.abolhasani.khaje"
        }
      }
    }]
  }, {
    "id": {
      "attributeType": "SCALABLE_DEEP_LINK",
      "scalableAttributeExternalId": "url_instagram"
    },
    "values": [{
      "datum": {
        "scalableDeepLink": {
          "uri": "http://instagram.com/morteza.abolhasani.khaje"
        }
      }
    }]
  }, {
    "id": {
      "attributeType": "SCALABLE_DEEP_LINK",
      "scalableAttributeExternalId": "url_twitter"
    },
    "values": [{
      "datum": {
        "scalableDeepLink": {
          "uri": "http://x.com/mortezaabo8"
        }
      }
    }]
  }, {
    "id": {
      "attributeType": "SERVICE_AREA"
    },
    "values": [{
      "datum": {
        "serviceArea": {
          "namedPlace": {
            "placeId": "ChIJEd8ZDxzJBZERewSZihwqM2o",
            "placeName": "Pueblo Libre, پرو"
          }
        }
      }
    }, {
      "datum": {
        "serviceArea": {
          "namedPlace": {
            "placeId": "ChIJ-xthnxHU-T4RRXXDtn-mwYU",
            "placeName": "بندر عباس، استان هرمزگان، ایران"
          }
        }
      }
    }]
  }, {
    "id": {
      "attributeType": "SIGNUP_REGION"
    },
    "values": [{
      "datum": {
        "signupRegion": {
          "regionCode": "JO"
        }
      }
    }]
  }, {
    "id": {
      "attributeType": "PHONE_NUMBER"
    }
  }, {
    "id": {
      "attributeType": "EXCEPTIONAL_HOURS"
    }
  }, {
    "id": {
      "attributeType": "VANITY_DATA"
    }
  }, {
    "id": {
      "attributeType": "GEOSTORE_PRICE_INFO"
    }
  }, {
    "id": {
      "attributeType": "FOOD_ORDERING_MERCHANT_PREFERENCE"
    }
  }, {
    "id": {
      "attributeType": "ACCEPTS_QUOTE_REQUESTS"
    }
  }, {
    "id": {
      "attributeType": "DISALLOW_PHONE_NUMBER_EDITS"
    }
  }, {
    "id": {
      "attributeType": "CALL_TRACKING"
    }
  }, {
    "id": {
      "attributeType": "ACCEPTS_SERVICE_REQUESTS"
    }
  }, {
    "id": {
      "attributeType": "QBC_PRODUCT_TYPE"
    }
  }, {
    "id": {
      "attributeType": "LABEL"
    }
  }, {
    "id": {
      "attributeType": "STORE_CODE"
    },
    "values": [{
      "datum": {
        "storeCode": {
          "text": "06170257555397876890"
        }
      }
    }]
  }, {
    "id": {
      "attributeType": "GOOGLE_ADS_EXTENSION"
    }
  }, {
    "id": {
      "attributeType": "ASSISTANT_CALLS_SETTING"
    }
  }, {
    "id": {
      "attributeType": "CHAIN_SELF_IDENTIFICATION"
    }
  }, {
    "id": {
      "attributeType": "ADMIN_ROLE_CLAIM"
    }
  }, {
    "id": {
      "attributeType": "MESSAGING_METADATA"
    },
    "values": [{
      "datum": {
        "annotation": {
          "payload": {
          }
        }
      }
    }]
  }, {
    "id": {
      "attributeType": "GLS_ACCOUNT_STATE"
    }
  }]
}