[{
  "device": {
    "mostRecentData": {
      "carrierName": "Irancell",
      "playStoreClientVersion": 83993120,
      "manufacturer": "samsung",
      "modelName": "SM-A022F",
      "deviceName": "a02",
      "productName": "a02xx",
      "retailBrand": "samsung",
      "totalMemoryBytes": "3033239552",
      "nativePlatform": ["armeabi-v7a", "armeabi"],
      "deviceIpCountry": "IR",
      "userLocale": "fa_IR",
      "buildFingerprint": "samsung/a02xx/a02:11/RP1A.200720.012/A022FXXS3BWH1:user/release-keys",
      "androidSdkVersion": "30"
    },
    "dataAtTimeOfUserPlayActivity": {
      "carrierName": "Irancell",
      "manufacturer": "samsung",
      "modelName": "SM-A022F",
      "deviceName": "a02",
      "productName": "a02xx",
      "retailBrand": "samsung",
      "nativePlatform": ["armeabi-v7a", "armeabi"],
      "deviceIpCountry": "FR",
      "userLocale": "fa_IR",
      "androidSdkVersion": "30"
    },
    "deviceRegistrationTime": "2022-08-21T14:40:50.334Z",
    "userAddedOnDeviceTime": "2024-02-29T07:04:11.430Z",
    "lastTimeDeviceActive": "2024-03-07T22:21:29.824040Z"
  }
}]