{
  "type": "FeatureCollection",
  "features": [
    {
      "geometry": {
        "coordinates": [
          0,
          0
        ],
        "type": "Point"
      },
      "properties": {
        "date": "2024-02-29T14:50:47Z",
        "google_maps_url": "http://maps.google.com/?q=%D9%84%D8%A7%D8%B3+%D9%BE%D8%A7%D9%84%D9%85%D8%A7%D8%B3%D8%8C+%D8%A7%D8%B3%D8%AA%D8%A7%D9%86+%D9%84%D8%A7%D8%B3%D9%BE%D8%A7%D9%84%D9%85%D8%A7%D8%B3%D8%8C+%D8%A7%D8%B3%D9%BE%D8%A7%D9%86%DB%8C%D8%A7&ftid=0xc4094518b44a92f:0x40340f3be4d13e0",
        "Comment": "هیچ اطلاعات مکانی برای این مکان ذخیره‌شده دردسترس نیست"
      },
      "type": "Feature"
    }
  ]
}