{
  "type": "FeatureCollection",
  "features": [
    {
      "geometry": {
        "coordinates": [
          28.9823500,
          41.0308700
        ],
        "type": "Point"
      },
      "properties": {
        "date": "2024-02-29T19:05:36.974209Z",
        "five_star_rating_published": 1,
        "google_maps_url": "https://www.google.com/maps/place//data=!4m2!3m1!1s0x0:0xddf79c652edc0909",
        "location": {
          "address": "Firuzağa, Sk, Defterdar Ykş. No:51A, 34433 Beyoğlu/İstanbul, ترکیه",
          "country_code": "TR",
          "name": "Ziraat Bankası Cihangir/İstanbul Şubesi"
        },
        "review_text_published": "من برای باز کردن حساب ارزی جهت انجام دادن خدمات گمرکی به این باجه مراجعه کردم ولی متاسفانه با برخورد بد و اهانت پرسنل این شعبه مواجه شدم که از دریافت خدمات این بانک پشیمان شدم"
      },
      "type": "Feature"
    },
    {
      "geometry": {
        "coordinates": [
          28.9823500,
          41.0308700
        ],
        "type": "Point"
      },
      "properties": {
        "date": "2024-02-29T19:04:21.521209Z",
        "google_maps_url": "https://www.google.com/maps/place//data=!4m2!3m1!1s0x0:0xddf79c652edc0909",
        "location": {
          "address": "Firuzağa, Sk, Defterdar Ykş. No:51A, 34433 Beyoğlu/İstanbul, ترکیه",
          "country_code": "TR",
          "name": "Ziraat Bankası Cihangir/İstanbul Şubesi"
        },
        "review_text_published": "من برای باز کردن حساب ارزی جهت انجام دادن خدمات گمرکی به این باجه مراجعه کردم ولی متاسفانه با برخورد بد و اهانت پرسنل این شعبه مواجه شدم که از دریافت خدمات این بانک پشیمان شدم."
      },
      "type": "Feature"
    }
  ]
}