{
    "EliV2ray": {
        "types": [
            "vless",
            "trojan"
        ],
        "title": "ΞLΞПΛ V2RAY",
        "logo": "https:\/\/raw.githubusercontent.com\/yebekhe\/TVC\/main\/channelsData\/logos\/EliV2ray.jpg"
    },
    "Parsashonam": {
        "types": [
            "vless"
        ],
        "title": "Parsashonam",
        "logo": "https:\/\/raw.githubusercontent.com\/yebekhe\/TVC\/main\/channelsData\/logos\/Parsashonam.jpg"
    },
    "v2_team": {
        "types": [
            "vmess",
            "vless"
        ],
        "title": "𝗩𝟐 | 𝗧𝗘𝗔𝗠",
        "logo": "https:\/\/raw.githubusercontent.com\/yebekhe\/TVC\/main\/channelsData\/logos\/v2_team.jpg"
    },
    "NIM_VPN_ir": {
        "types": [
            "vless"
        ],
        "title": "NIMVPN",
        "logo": "https:\/\/raw.githubusercontent.com\/yebekhe\/TVC\/main\/channelsData\/logos\/NIM_VPN_ir.jpg"
    },
    "XsV2ray": {
        "types": [
            "vless"
        ],
        "title": "کوشتا شد",
        "logo": "https:\/\/raw.githubusercontent.com\/yebekhe\/TVC\/main\/channelsData\/logos\/XsV2ray.jpg"
    },
    "reality_daily": {
        "types": [
            "vless"
        ],
        "title": "Telegram: Contact @reality_daily",
        "logo": "https:\/\/raw.githubusercontent.com\/yebekhe\/TVC\/main\/channelsData\/logos\/reality_daily.jpg"
    },
    "L_AGVPN13": {
        "types": [
            "vless"
        ],
        "title": "Telegram: Contact @L_AGVPN13",
        "logo": "https:\/\/raw.githubusercontent.com\/yebekhe\/TVC\/main\/channelsData\/logos\/L_AGVPN13.jpg"
    },
    "VlessConfig": {
        "types": [
            "vless"
        ],
        "title": "Vless | Vmess | Trojan",
        "logo": "https:\/\/raw.githubusercontent.com\/yebekhe\/TVC\/main\/channelsData\/logos\/VlessConfig.jpg"
    },
    "VPNCUSTOMIZE": {
        "types": [
            "vless"
        ],
        "title": "𝖵𝖯𝖭 | 𝖢𝖴𝖲𝖳𝖮𝖬𝖨𝖹𝖤",
        "logo": "https:\/\/raw.githubusercontent.com\/yebekhe\/TVC\/main\/channelsData\/logos\/VPNCUSTOMIZE.jpg"
    },
    "ipV2Ray": {
        "types": [
            "vless"
        ],
        "title": "v2ray IP",
        "logo": "https:\/\/raw.githubusercontent.com\/yebekhe\/TVC\/main\/channelsData\/logos\/ipV2Ray.jpg"
    },
    "melov2ray": {
        "types": [
            "vless"
        ],
        "title": "melo’s V2ray &amp; outline",
        "logo": "https:\/\/raw.githubusercontent.com\/yebekhe\/TVC\/main\/channelsData\/logos\/melov2ray.jpg"
    },
    "V2pedia": {
        "types": [
            "vless"
        ],
        "title": "⚜️V2PEDIA☬",
        "logo": "https:\/\/raw.githubusercontent.com\/yebekhe\/TVC\/main\/channelsData\/logos\/V2pedia.jpg"
    },
    "frev2ray": {
        "types": [
            "vless"
        ],
        "title": "وصل شدن به نت | VPN | V2ray",
        "logo": "https:\/\/raw.githubusercontent.com\/yebekhe\/TVC\/main\/channelsData\/logos\/frev2ray.jpg"
    },
    "ARv2ray": {
        "types": [
            "vless"
        ],
        "title": "ArV2ray",
        "logo": "https:\/\/raw.githubusercontent.com\/yebekhe\/TVC\/main\/channelsData\/logos\/ARv2ray.jpg"
    },
    "shh_proxy": {
        "types": [
            "vless"
        ],
        "title": "Sh Proxy",
        "logo": "https:\/\/raw.githubusercontent.com\/yebekhe\/TVC\/main\/channelsData\/logos\/shh_proxy.jpg"
    },
    "Lockey_vpn": {
        "types": [
            "vless"
        ],
        "title": "LOCKEY_VPN",
        "logo": "https:\/\/raw.githubusercontent.com\/yebekhe\/TVC\/main\/channelsData\/logos\/Lockey_vpn.jpg"
    },
    "rxv2ray": {
        "types": [
            "vless"
        ],
        "title": "RxV2ray",
        "logo": "https:\/\/raw.githubusercontent.com\/yebekhe\/TVC\/main\/channelsData\/logos\/rxv2ray.jpg"
    },
    "free_v2rayyy": {
        "types": [
            "vmess",
            "vless"
        ],
        "title": "free v2rayyy | کانفینگ رایگان",
        "logo": "https:\/\/raw.githubusercontent.com\/yebekhe\/TVC\/main\/channelsData\/logos\/free_v2rayyy.jpg"
    },
    "lightning6": {
        "types": [
            "vless"
        ],
        "title": "⚡Lightning",
        "logo": "https:\/\/raw.githubusercontent.com\/yebekhe\/TVC\/main\/channelsData\/logos\/lightning6.jpg"
    },
    "V2rayNGmat": {
        "types": [
            "vless"
        ],
        "title": "𝐕2𝐑𝐀𝐘𝐍𝐆𝐌𝐀𝐓",
        "logo": "https:\/\/raw.githubusercontent.com\/yebekhe\/TVC\/main\/channelsData\/logos\/V2rayNGmat.jpg"
    },
    "vpn_xw": {
        "types": [
            "vless"
        ],
        "title": "VPN XW",
        "logo": "https:\/\/raw.githubusercontent.com\/yebekhe\/TVC\/main\/channelsData\/logos\/vpn_xw.jpg"
    },
    "FOX_VPN66": {
        "types": [
            "vless"
        ],
        "title": "FOX VPN🦊",
        "logo": "https:\/\/raw.githubusercontent.com\/yebekhe\/TVC\/main\/channelsData\/logos\/FOX_VPN66.jpg"
    },
    "CUSTOMVPNSERVER": {
        "types": [
            "vmess",
            "vless"
        ],
        "title": "CUSTOM VPN SERVER",
        "logo": "https:\/\/raw.githubusercontent.com\/yebekhe\/TVC\/main\/channelsData\/logos\/CUSTOMVPNSERVER.jpg"
    },
    "DigiV2ray": {
        "types": [
            "vless"
        ],
        "title": "Digiv2ray | vpn",
        "logo": "https:\/\/raw.githubusercontent.com\/yebekhe\/TVC\/main\/channelsData\/logos\/DigiV2ray.jpg"
    },
    "DarkTeam_VPN": {
        "types": [
            "vless"
        ],
        "title": "ᴅᴀʀᴋ ᴛᴇᴀᴍ | V2ray | VPN",
        "logo": "https:\/\/raw.githubusercontent.com\/yebekhe\/TVC\/main\/channelsData\/logos\/DarkTeam_VPN.jpg"
    },
    "proxy_kafee": {
        "types": [
            "vless"
        ],
        "title": "☕️ Kafe Proxy ☕️کلاینت.v2ray.vpn",
        "logo": "https:\/\/raw.githubusercontent.com\/yebekhe\/TVC\/main\/channelsData\/logos\/proxy_kafee.jpg"
    },
    "V2raysFree": {
        "types": [
            "vless"
        ],
        "title": "Telegram: Contact @V2raysFree",
        "logo": "https:\/\/raw.githubusercontent.com\/yebekhe\/TVC\/main\/channelsData\/logos\/V2raysFree.jpg"
    },
    "Awlix_V2RAY": {
        "types": [
            "vless"
        ],
        "title": "𝐒𝐚𝐟𝐞 𝐍𝐞𝐞𝐭",
        "logo": "https:\/\/raw.githubusercontent.com\/yebekhe\/TVC\/main\/channelsData\/logos\/Awlix_V2RAY.jpg"
    },
    "v2logy": {
        "types": [
            "vless"
        ],
        "title": "V2logy",
        "logo": "https:\/\/raw.githubusercontent.com\/yebekhe\/TVC\/main\/channelsData\/logos\/v2logy.jpg"
    },
    "Watashi_VPN": {
        "types": [
            "vmess",
            "vless",
            "trojan",
            "ss"
        ],
        "title": "Watashi⚡️VPN",
        "logo": "https:\/\/raw.githubusercontent.com\/yebekhe\/TVC\/main\/channelsData\/logos\/Watashi_VPN.jpg"
    },
    "servermomo": {
        "types": [
            "vless",
            "trojan",
            "ss"
        ],
        "title": "کانفینگ رایگان ssh |خرید کانفینگ|فیلتر شکن|پروکسی",
        "logo": "https:\/\/raw.githubusercontent.com\/yebekhe\/TVC\/main\/channelsData\/logos\/servermomo.jpg"
    },
    "irancpi_vpn": {
        "types": [
            "tuic",
            "hy2"
        ],
        "title": "CPI VPN",
        "logo": "https:\/\/raw.githubusercontent.com\/yebekhe\/TVC\/main\/channelsData\/logos\/irancpi_vpn.jpg"
    },
    "V2rayCollector": {
        "types": [
            "vless",
            "tuic",
            "hy2"
        ],
        "title": "TѴC NEWS",
        "logo": "https:\/\/raw.githubusercontent.com\/yebekhe\/TVC\/main\/channelsData\/logos\/V2rayCollector.jpg"
    },
    "azadi_az_inja_migzare": {
        "types": [
            "vmess",
            "vless",
            "ss",
            "tuic",
            "hy2"
        ],
        "title": "آزادی از اینجا میگذره",
        "logo": "https:\/\/raw.githubusercontent.com\/yebekhe\/TVC\/main\/channelsData\/logos\/azadi_az_inja_migzare.jpg"
    },
    "V2rayCollectorDonate": {
        "types": [
            "vmess",
            "vless",
            "trojan",
            "ss",
            "tuic",
            "hy2"
        ],
        "title": "TVC DONATE",
        "logo": "https:\/\/raw.githubusercontent.com\/yebekhe\/TVC\/main\/channelsData\/logos\/V2rayCollectorDonate.jpg"
    },
    "ProxyForOpeta": {
        "types": [
            "vless"
        ],
        "title": "Proxy of opeta",
        "logo": "https:\/\/raw.githubusercontent.com\/yebekhe\/TVC\/main\/channelsData\/logos\/ProxyForOpeta.jpg"
    },
    "V2rayNGn": {
        "types": [
            "vmess",
            "vless"
        ],
        "title": "v2rayNG | Proxy | رفع فیلتر",
        "logo": "https:\/\/raw.githubusercontent.com\/yebekhe\/TVC\/main\/channelsData\/logos\/V2rayNGn.jpg"
    },
    "PrivateVPNs": {
        "types": [
            "trojan"
        ],
        "title": "V2ray | Vmess | Trojan | Vless",
        "logo": "https:\/\/raw.githubusercontent.com\/yebekhe\/TVC\/main\/channelsData\/logos\/PrivateVPNs.jpg"
    },
    "DirectVPN": {
        "types": [
            "trojan"
        ],
        "title": "V2ray VPN",
        "logo": "https:\/\/raw.githubusercontent.com\/yebekhe\/TVC\/main\/channelsData\/logos\/DirectVPN.jpg"
    },
    "v2ray_outlineir": {
        "types": [
            "vmess"
        ],
        "title": "trojan vmess vless",
        "logo": "https:\/\/raw.githubusercontent.com\/yebekhe\/TVC\/main\/channelsData\/logos\/v2ray_outlineir.jpg"
    },
    "mftizi": {
        "types": [
            "vmess"
        ],
        "title": "免费vpn节点分享",
        "logo": "https:\/\/raw.githubusercontent.com\/yebekhe\/TVC\/main\/channelsData\/logos\/mftizi.jpg"
    },
    "DeamNet_Proxy": {
        "types": [
            "vmess",
            "ss"
        ],
        "title": "DeamNet_proxy",
        "logo": "https:\/\/raw.githubusercontent.com\/yebekhe\/TVC\/main\/channelsData\/logos\/DeamNet_Proxy.jpg"
    },
    "oneclickvpnkeys": {
        "types": [
            "vmess",
            "trojan"
        ],
        "title": "OneClick VPN🔑v2rayNG🔑Matsuri🔑SagerNet🔑",
        "logo": "https:\/\/raw.githubusercontent.com\/yebekhe\/TVC\/main\/channelsData\/logos\/oneclickvpnkeys.jpg"
    },
    "Outline_Vpn": {
        "types": [
            "vless"
        ],
        "title": "V2rayNg NapsternetV V2box FoXray Outline Servers",
        "logo": "https:\/\/raw.githubusercontent.com\/yebekhe\/TVC\/main\/channelsData\/logos\/Outline_Vpn.jpg"
    },
    "prrofile_purple": {
        "types": [
            "vmess",
            "vless"
        ],
        "title": "V2rayNG - سرور",
        "logo": "https:\/\/raw.githubusercontent.com\/yebekhe\/TVC\/main\/channelsData\/logos\/prrofile_purple.jpg"
    },
    "ShadowSocks_s": {
        "types": [
            "vless"
        ],
        "title": "ShadowSocks ⚡️ شدوساکس 💚🤍❤️",
        "logo": "https:\/\/raw.githubusercontent.com\/yebekhe\/TVC\/main\/channelsData\/logos\/ShadowSocks_s.jpg"
    },
    "customv2ray": {
        "types": [
            "vmess",
            "vless"
        ],
        "title": "سرور کانفیگ|ᴠ2ʀᴀʏ🌏",
        "logo": "https:\/\/raw.githubusercontent.com\/yebekhe\/TVC\/main\/channelsData\/logos\/customv2ray.jpg"
    },
    "UnlimitedDev": {
        "types": [
            "vless"
        ],
        "title": "Unlimited",
        "logo": "https:\/\/raw.githubusercontent.com\/yebekhe\/TVC\/main\/channelsData\/logos\/UnlimitedDev.jpg"
    },
    "vmessorg": {
        "types": [
            "vmess",
            "vless"
        ],
        "title": "🚀Vmess vpn🚀",
        "logo": "https:\/\/raw.githubusercontent.com\/yebekhe\/TVC\/main\/channelsData\/logos\/vmessorg.jpg"
    },
    "v2rayNG_Matsuri": {
        "types": [
            "vless"
        ],
        "title": "کانفیگ های سرحال رایگان V2ray",
        "logo": "https:\/\/raw.githubusercontent.com\/yebekhe\/TVC\/main\/channelsData\/logos\/v2rayNG_Matsuri.jpg"
    },
    "v2rayngvpn": {
        "types": [
            "vless"
        ],
        "title": "کانفیگ NapsternetV outline",
        "logo": "https:\/\/raw.githubusercontent.com\/yebekhe\/TVC\/main\/channelsData\/logos\/v2rayngvpn.jpg"
    },
    "FalconPolV2rayNG": {
        "types": [
            "vless"
        ],
        "title": "سرور | v2rayNG",
        "logo": "https:\/\/raw.githubusercontent.com\/yebekhe\/TVC\/main\/channelsData\/logos\/FalconPolV2rayNG.jpg"
    },
    "ShadowProxy66": {
        "types": [
            "vmess",
            "vless"
        ],
        "title": "ShadowProxy66",
        "logo": "https:\/\/raw.githubusercontent.com\/yebekhe\/TVC\/main\/channelsData\/logos\/ShadowProxy66.jpg"
    },
    "ServerNett": {
        "types": [
            "vless"
        ],
        "title": "سرور کانفیگ V2rayNG",
        "logo": "https:\/\/raw.githubusercontent.com\/yebekhe\/TVC\/main\/channelsData\/logos\/ServerNett.jpg"
    },
    "Proxy_PJ": {
        "types": [
            "vmess",
            "vless"
        ],
        "title": "𝐏𝐫𝐨𝐱𝐲 ₪🔐 سرور V2ray پروکسی تلگرام فیلتر شکن رایگان ‌",
        "logo": "https:\/\/raw.githubusercontent.com\/yebekhe\/TVC\/main\/channelsData\/logos\/Proxy_PJ.jpg"
    },
    "Qv2rayDONATED": {
        "types": [
            "vmess",
            "vless"
        ],
        "title": "𝗗𝗢𝗡𝗔𝗧𝗘𝗗.𝗤",
        "logo": "https:\/\/raw.githubusercontent.com\/yebekhe\/TVC\/main\/channelsData\/logos\/Qv2rayDONATED.jpg"
    },
    "hcv2ray": {
        "types": [
            "vless",
            "ss"
        ],
        "title": "🩵فروش کانفیگ ویتوری🩵",
        "logo": "https:\/\/raw.githubusercontent.com\/yebekhe\/TVC\/main\/channelsData\/logos\/hcv2ray.jpg"
    },
    "V2rayng_Fast": {
        "types": [
            "vmess"
        ],
        "title": "کانفینگ انجکتور | آرگو | V2rayng",
        "logo": "https:\/\/raw.githubusercontent.com\/yebekhe\/TVC\/main\/channelsData\/logos\/V2rayng_Fast.jpg"
    },
    "v2ray_swhil": {
        "types": [
            "vmess",
            "vless",
            "trojan"
        ],
        "title": "𝙑2𝙧𝙖𝙮 𝘴𝘸𝘩𝘪𝘭",
        "logo": "https:\/\/raw.githubusercontent.com\/yebekhe\/TVC\/main\/channelsData\/logos\/v2ray_swhil.jpg"
    },
    "proxyymeliii": {
        "types": [
            "vmess",
            "vless",
            "trojan",
            "ss"
        ],
        "title": "کانال پروکسی وکانفیگ🇪🇸🔥 V2ray",
        "logo": "https:\/\/raw.githubusercontent.com\/yebekhe\/TVC\/main\/channelsData\/logos\/proxyymeliii.jpg"
    },
    "MsV2ray": {
        "types": [
            "vless"
        ],
        "title": "𝑴𝒔𝑽𝟤𝒓𝒂𝒚 | 𝑪𝒐𝒏𝒇𝒊𝒈",
        "logo": "https:\/\/raw.githubusercontent.com\/yebekhe\/TVC\/main\/channelsData\/logos\/MsV2ray.jpg"
    },
    "v2ray1_ng": {
        "types": [
            "vmess",
            "vless",
            "trojan"
        ],
        "title": "V2RayNg &amp; Napsternet V",
        "logo": "https:\/\/raw.githubusercontent.com\/yebekhe\/TVC\/main\/channelsData\/logos\/v2ray1_ng.jpg"
    },
    "vless_vmess": {
        "types": [
            "vmess",
            "vless"
        ],
        "title": "vless_vmess",
        "logo": "https:\/\/raw.githubusercontent.com\/yebekhe\/TVC\/main\/channelsData\/logos\/vless_vmess.jpg"
    },
    "MTConfig": {
        "types": [
            "vmess",
            "vless",
            "ss"
        ],
        "title": "MT Config",
        "logo": "https:\/\/raw.githubusercontent.com\/yebekhe\/TVC\/main\/channelsData\/logos\/MTConfig.jpg"
    },
    "vmess_vless_v2rayng": {
        "types": [
            "vmess",
            "vless",
            "trojan",
            "ss"
        ],
        "title": "قفل تگ",
        "logo": "https:\/\/raw.githubusercontent.com\/yebekhe\/TVC\/main\/channelsData\/logos\/vmess_vless_v2rayng.jpg"
    },
    "Cov2ray": {
        "types": [
            "vmess"
        ],
        "title": "COgame",
        "logo": "https:\/\/raw.githubusercontent.com\/yebekhe\/TVC\/main\/channelsData\/logos\/Cov2ray.jpg"
    },
    "V2RayTz": {
        "types": [
            "vless",
            "trojan"
        ],
        "title": "V2Ray Tz,",
        "logo": "https:\/\/raw.githubusercontent.com\/yebekhe\/TVC\/main\/channelsData\/logos\/V2RayTz.jpg"
    },
    "VmessProtocol": {
        "types": [
            "vless",
            "trojan",
            "ss"
        ],
        "title": "V2ray Vless | فیلترشکن | سرور اختصاصی",
        "logo": "https:\/\/raw.githubusercontent.com\/yebekhe\/TVC\/main\/channelsData\/logos\/VmessProtocol.jpg"
    },
    "DailyV2RY": {
        "types": [
            "vmess",
            "vless"
        ],
        "title": "Daily V2ray",
        "logo": "https:\/\/raw.githubusercontent.com\/yebekhe\/TVC\/main\/channelsData\/logos\/DailyV2RY.jpg"
    },
    "sinabigo": {
        "types": [
            "vless"
        ],
        "title": "VPN FREE",
        "logo": "https:\/\/raw.githubusercontent.com\/yebekhe\/TVC\/main\/channelsData\/logos\/sinabigo.jpg"
    },
    "MehradLearn": {
        "types": [
            "vless"
        ],
        "title": "MehradLearn | اینترنت آزاد",
        "logo": "https:\/\/raw.githubusercontent.com\/yebekhe\/TVC\/main\/channelsData\/logos\/MehradLearn.jpg"
    },
    "SafeNet_Server": {
        "types": [
            "vmess",
            "vless"
        ],
        "title": "SafeNet Server 🗽",
        "logo": "https:\/\/raw.githubusercontent.com\/yebekhe\/TVC\/main\/channelsData\/logos\/SafeNet_Server.jpg"
    },
    "lrnbymaa": {
        "types": [
            "vless"
        ],
        "title": "Lrn By MAA",
        "logo": "https:\/\/raw.githubusercontent.com\/yebekhe\/TVC\/main\/channelsData\/logos\/lrnbymaa.jpg"
    },
    "OutlineVpnOfficial": {
        "types": [
            "ss"
        ],
        "title": "Outline VPN Official",
        "logo": "https:\/\/raw.githubusercontent.com\/yebekhe\/TVC\/main\/channelsData\/logos\/OutlineVpnOfficial.jpg"
    },
    "v2ray_vpn_ir": {
        "types": [
            "vmess",
            "vless",
            "trojan"
        ],
        "title": "V2rayNG",
        "logo": "https:\/\/raw.githubusercontent.com\/yebekhe\/TVC\/main\/channelsData\/logos\/v2ray_vpn_ir.jpg"
    },
    "ConfigsHUB": {
        "types": [
            "vmess",
            "vless",
            "trojan"
        ],
        "title": "𝘾𝙤𝙣𝙛𝙞𝙜𝙨𝙃𝙪𝙗",
        "logo": "https:\/\/raw.githubusercontent.com\/yebekhe\/TVC\/main\/channelsData\/logos\/ConfigsHUB.jpg"
    },
    "proxystore11": {
        "types": [
            "vless",
            "vmess",
            "trojan"
        ],
        "title": "ڪانفیگ‌کده",
        "logo": "https:\/\/raw.githubusercontent.com\/yebekhe\/TVC\/main\/channelsData\/logos\/proxystore11.jpg"
    },
    "yaney_01": {
        "types": [
            "vmess",
            "trojan",
            "ss"
        ],
        "title": "Yaney科技频道",
        "logo": "https:\/\/raw.githubusercontent.com\/yebekhe\/TVC\/main\/channelsData\/logos\/yaney_01.jpg"
    },
    "free1_vpn": {
        "types": [
            "vmess",
            "vless",
            "vless"
        ],
        "title": "Free_VPN √ v2ray √ NapsternetV √ custom √ injector √",
        "logo": "https:\/\/raw.githubusercontent.com\/yebekhe\/TVC\/main\/channelsData\/logos\/free1_vpn.jpg"
    },
    "Hope_Net": {
        "types": [
            "vmess"
        ],
        "title": "🕊 Hope Net",
        "logo": "https:\/\/raw.githubusercontent.com\/yebekhe\/TVC\/main\/channelsData\/logos\/Hope_Net.jpg"
    },
    "VPNCLOP": {
        "types": [
            "vless"
        ],
        "title": "🇻​🇵​🇳​🇨​🇱​🇴​🇵​",
        "logo": "https:\/\/raw.githubusercontent.com\/yebekhe\/TVC\/main\/channelsData\/logos\/VPNCLOP.jpg"
    },
    "fnet00": {
        "types": [
            "vmess",
            "vless",
            "trojan"
        ],
        "title": "🗽 FNET00 | هـمـه چـیـز آزاد 🤍",
        "logo": "https:\/\/raw.githubusercontent.com\/yebekhe\/TVC\/main\/channelsData\/logos\/fnet00.jpg"
    },
    "polproxy": {
        "types": [
            "vless"
        ],
        "title": "پروکسی ناب | فیلترشکن | سرور V2ray",
        "logo": "https:\/\/raw.githubusercontent.com\/yebekhe\/TVC\/main\/channelsData\/logos\/polproxy.jpg"
    },
    "MrV2Ray": {
        "types": [
            "vmess"
        ],
        "title": "MrV2Ray | مستری وی تو ری",
        "logo": "https:\/\/raw.githubusercontent.com\/yebekhe\/TVC\/main\/channelsData\/logos\/MrV2Ray.jpg"
    },
    "Outlinev2rayNG": {
        "types": [
            "vless"
        ],
        "title": "تله کد | فیلترشکن V2ray - Outline",
        "logo": "https:\/\/raw.githubusercontent.com\/yebekhe\/TVC\/main\/channelsData\/logos\/Outlinev2rayNG.jpg"
    },
    "v2rayng_vpnrog": {
        "types": [
            "vless"
        ],
        "title": "فیلترشکن رایگانV2Ray Argo",
        "logo": "https:\/\/raw.githubusercontent.com\/yebekhe\/TVC\/main\/channelsData\/logos\/v2rayng_vpnrog.jpg"
    },
    "v2rayng_config_amin": {
        "types": [
            "vless",
            "vmess"
        ],
        "title": "v2rayng-کانفیگ-سرور-vpn-NapsternetV",
        "logo": "https:\/\/raw.githubusercontent.com\/yebekhe\/TVC\/main\/channelsData\/logos\/v2rayng_config_amin.jpg"
    },
    "Capital_NET": {
        "types": [
            "vless"
        ],
        "title": "ıllıllı 𝗖𝗮𝗽𝗶𝘁𝗮𝗹ℕ𝔼𝕋 ıllıllı",
        "logo": "https:\/\/raw.githubusercontent.com\/yebekhe\/TVC\/main\/channelsData\/logos\/Capital_NET.jpg"
    },
    "VpnFreeSec": {
        "types": [
            "vless"
        ],
        "title": "@VpnFreeSec",
        "logo": "https:\/\/raw.githubusercontent.com\/yebekhe\/TVC\/main\/channelsData\/logos\/VpnFreeSec.jpg"
    },
    "v2Line": {
        "types": [
            "vmess"
        ],
        "title": "v2Line VPN ● v2rayNG &amp; Xray Proxy Servers",
        "logo": "https:\/\/raw.githubusercontent.com\/yebekhe\/TVC\/main\/channelsData\/logos\/v2Line.jpg"
    },
    "Capoit": {
        "types": [
            "vless"
        ],
        "title": "CAPOIT",
        "logo": "https:\/\/raw.githubusercontent.com\/yebekhe\/TVC\/main\/channelsData\/logos\/Capoit.jpg"
    },
    "FreakConfig": {
        "types": [
            "vmess",
            "vless"
        ],
        "title": "سرور کانفیگ | کانفینگ رایگان V2ray",
        "logo": "https:\/\/raw.githubusercontent.com\/yebekhe\/TVC\/main\/channelsData\/logos\/FreakConfig.jpg"
    },
    "BestV2rang": {
        "types": [
            "vless"
        ],
        "title": "Bestv2rang",
        "logo": "https:\/\/raw.githubusercontent.com\/yebekhe\/TVC\/main\/channelsData\/logos\/BestV2rang.jpg"
    },
    "V2parsin": {
        "types": [
            "vmess",
            "vless"
        ],
        "title": "🎧 International Muzic 🎧",
        "logo": "https:\/\/raw.githubusercontent.com\/yebekhe\/TVC\/main\/channelsData\/logos\/V2parsin.jpg"
    },
    "IRN_VPN": {
        "types": [
            "vless"
        ],
        "title": "I‌RᷢNᷡ V‌P‌N",
        "logo": "https:\/\/raw.githubusercontent.com\/yebekhe\/TVC\/main\/channelsData\/logos\/IRN_VPN.jpg"
    },
    "flyv2ray": {
        "types": [
            "vless"
        ],
        "title": "FlyV2ray",
        "logo": "https:\/\/raw.githubusercontent.com\/yebekhe\/TVC\/main\/channelsData\/logos\/flyv2ray.jpg"
    },
    "forwardv2ray": {
        "types": [
            "vmess",
            "vless",
            "trojan",
            "ss"
        ],
        "title": "FORWARDV2RAY",
        "logo": "https:\/\/raw.githubusercontent.com\/yebekhe\/TVC\/main\/channelsData\/logos\/forwardv2ray.jpg"
    },
    "iP_CF": {
        "types": [
            "vless",
            "vmess",
            "trojan",
            "ss",
            "tuic",
            "hy2"
        ],
        "title": "| IP_CF | Channel",
        "logo": "https:\/\/raw.githubusercontent.com\/yebekhe\/TVC\/main\/channelsData\/logos\/iP_CF.jpg"
    },
    "https_config_injector": {
        "types": [
            "vless"
        ],
        "title": "Telegram: Contact @https_config_injector",
        "logo": "https:\/\/raw.githubusercontent.com\/yebekhe\/TVC\/main\/channelsData\/logos\/https_config_injector.jpg"
    },
    "mehrosaboran": {
        "types": [
            "vless"
        ],
        "title": "⚡️پروکسی و v2rayمهربانی",
        "logo": "https:\/\/raw.githubusercontent.com\/yebekhe\/TVC\/main\/channelsData\/logos\/mehrosaboran.jpg"
    },
    "kiava": {
        "types": [
            "vless"
        ],
        "title": "Kiava",
        "logo": "https:\/\/raw.githubusercontent.com\/yebekhe\/TVC\/main\/channelsData\/logos\/kiava.jpg"
    },
    "nofiltering2": {
        "types": [
            "vmess",
            "vless"
        ],
        "title": "Nofiltering2 | V2rayng 📱رفع فیلترینگ",
        "logo": "https:\/\/raw.githubusercontent.com\/yebekhe\/TVC\/main\/channelsData\/logos\/nofiltering2.jpg"
    },
    "proxy_mtm": {
        "types": [
            "vless",
            "ss"
        ],
        "title": "free v2ray | vmess | vless ¦ ssh | http Custom | config | کانفیگ | napsternetv | فیلترشکن | کاستوم | v2rayng | v2ray | پروکسی |",
        "logo": "https:\/\/raw.githubusercontent.com\/yebekhe\/TVC\/main\/channelsData\/logos\/proxy_mtm.jpg"
    },
    "mahvarehnewssat": {
        "types": [
            "vmess",
            "vless"
        ],
        "title": "انتقال یافت",
        "logo": "https:\/\/raw.githubusercontent.com\/yebekhe\/TVC\/main\/channelsData\/logos\/mahvarehnewssat.jpg"
    },
    "vpn_go67": {
        "types": [
            "vless"
        ],
        "title": "V2ray\/فیلترشکن",
        "logo": "https:\/\/raw.githubusercontent.com\/yebekhe\/TVC\/main\/channelsData\/logos\/vpn_go67.jpg"
    },
    "kingofilter": {
        "types": [
            "vmess",
            "vless",
            "trojan",
            "ss"
        ],
        "title": "خدمات کینگو فیلتر",
        "logo": "https:\/\/raw.githubusercontent.com\/yebekhe\/TVC\/main\/channelsData\/logos\/kingofilter.jpg"
    },
    "GozargahVPN": {
        "types": [
            "vless"
        ],
        "title": "Gozargah VPN | گذرگاه",
        "logo": "https:\/\/raw.githubusercontent.com\/yebekhe\/TVC\/main\/channelsData\/logos\/GozargahVPN.jpg"
    },
    "freeconfigv2": {
        "types": [
            "vless"
        ],
        "title": "🪙 کانفیگ رایگان 🪙",
        "logo": "https:\/\/raw.githubusercontent.com\/yebekhe\/TVC\/main\/channelsData\/logos\/freeconfigv2.jpg"
    },
    "eliya_chiter0": {
        "types": [
            "vmess"
        ],
        "title": "کانفیگ|eliya_chiter0 v2rayNG و فوق‌العاده سریع",
        "logo": "https:\/\/raw.githubusercontent.com\/yebekhe\/TVC\/main\/channelsData\/logos\/eliya_chiter0.jpg"
    },
    "SvnTeam": {
        "types": [
            "vless"
        ],
        "title": "SVNTEAM اینترنت آزاد",
        "logo": "https:\/\/raw.githubusercontent.com\/yebekhe\/TVC\/main\/channelsData\/logos\/SvnTeam.jpg"
    },
    "Good_V2rayy": {
        "types": [
            "vless"
        ],
        "title": "👑Good_v2ray👑",
        "logo": "https:\/\/raw.githubusercontent.com\/yebekhe\/TVC\/main\/channelsData\/logos\/Good_V2rayy.jpg"
    },
    "FoXrayIran": {
        "types": [
            "vmess",
            "vless"
        ],
        "title": "Foxrayiran - فاکس ری ایران",
        "logo": "https:\/\/raw.githubusercontent.com\/yebekhe\/TVC\/main\/channelsData\/logos\/FoXrayIran.jpg"
    },
    "IBv2ray": {
        "types": [
            "vless"
        ],
        "title": "قفل شده",
        "logo": "https:\/\/raw.githubusercontent.com\/yebekhe\/TVC\/main\/channelsData\/logos\/IBv2ray.jpg"
    },
    "TUICity": {
        "types": [
            "tuic",
            "hy2"
        ],
        "title": "EUT_VPN خدافظ",
        "logo": "https:\/\/raw.githubusercontent.com\/yebekhe\/TVC\/main\/channelsData\/logos\/TUICity.jpg"
    },
    "SINABIGO": {
        "types": [
            "vmess",
            "vless"
        ],
        "title": "VPN FREE",
        "logo": "https:\/\/raw.githubusercontent.com\/yebekhe\/TVC\/main\/channelsData\/logos\/SINABIGO.jpg"
    },
    "V2FETCH": {
        "types": [
            "vless"
        ],
        "title": "V2FETCH",
        "logo": "https:\/\/raw.githubusercontent.com\/yebekhe\/TVC\/main\/channelsData\/logos\/V2FETCH.jpg"
    },
    "VpnSkyy": {
        "types": [
            "vless"
        ],
        "title": "Sky Vpn",
        "logo": "https:\/\/raw.githubusercontent.com\/yebekhe\/TVC\/main\/channelsData\/logos\/VpnSkyy.jpg"
    },
    "ROMAX_VPN": {
        "types": [
            "vmess",
            "vless",
            "ss"
        ],
        "title": "Romax VPN | کانفیگ رایگان",
        "logo": "https:\/\/raw.githubusercontent.com\/yebekhe\/TVC\/main\/channelsData\/logos\/ROMAX_VPN.jpg"
    },
    "TIKTOK_PROXY": {
        "types": [
            "vless"
        ],
        "title": "TikTok Proxy | کانفیگ رایگان",
        "logo": "https:\/\/raw.githubusercontent.com\/yebekhe\/TVC\/main\/channelsData\/logos\/TIKTOK_PROXY.jpg"
    },
    "TVCminer": {
        "types": [
            "vless"
        ],
        "title": "𝗧𝗩𝗖 ᴄᴏɴꜰɪɢ 📦 ᴍɪɴᴇʀ",
        "logo": "https:\/\/raw.githubusercontent.com\/yebekhe\/TVC\/main\/channelsData\/logos\/TVCminer.jpg"
    },
    "OpenSSTPVpn": {
        "types": [
            "Vless",
            "vmess",
            "shadowsucks"
        ],
        "title": "OpenSSTPClient MSSSTP | V2ray | VpnClientPro | OpenConnect | OpenVpn | Vless | Vmess | Shadowsocks | iKev2",
        "logo": "https:\/\/raw.githubusercontent.com\/yebekhe\/TVC\/main\/channelsData\/logos\/OpenSSTPVpn.jpg"
    },
    "raze_vpn": {
        "types": [
            "vmess",
            "vless"
        ],
        "title": "Raze VPN",
        "logo": "https:\/\/raw.githubusercontent.com\/yebekhe\/TVC\/main\/channelsData\/logos\/raze_vpn.jpg"
    }
}